EmployeeID,FirstName,LastName,Gender,Department
i002,Jase,Erni,Male,Accounting
i003,Marshall,Michal,Male,Accounting
i004,Currie,Bertenshaw,Male,Accounting
i006,Cull,Gilhoolie,Male,Accounting
i008,Gavan,Brewin,Male,Accounting
i010,Berkeley,Simonson,Male,Accounting
i011,Nikolaos,Goad,Male,Accounting
i013,Ode,Pawlowicz,Male,Accounting
i001,Renie,Ginty,Female,Accounting
i005,Winona,Woodsford,Female,Accounting
i007,Frieda,Helks,Female,Accounting
i009,Adela,Le Merchant,Female,Accounting
i012,Mariquilla,Kingscote,Female,Accounting
i014,Gallagher,Rhoades,Male,Engineering
i015,Killy,Taggert,Male,Engineering
i017,Nollie,Raycroft,Male,Engineering
i019,Benedetto,Butten,Male,Engineering
i021,Ellerey,Thorp,Male,Engineering
i022,Elliot,Pinnington,Male,Engineering
i023,Guillermo,Furmston,Male,Engineering
i024,Sanders,Clere,Male,Engineering
i026,Phillip,Curryer,Male,Engineering
i027,Zacharias,Lamburn,Male,Engineering
i028,Valdemar,Gronauer,Male,Engineering
i029,Amery,Scotchmer,Male,Engineering
i033,Jameson,Gibberd,Male,Engineering
i035,Rafi,Warmisham,Male,Engineering
i036,Roi,Counsell,Male,Engineering
i039,Valentine,Gyde,Male,Engineering
i040,Fonsie,Alliband,Male,Engineering
i041,Xenos,Sabater,Male,Engineering
i043,Julie,Duggen,Male,Engineering
i044,Ignacius,Shewring,Male,Engineering
i046,Fabio,Chancelier,Male,Engineering
i047,Raphael,Veysey,Male,Engineering
i048,Jone,Breitler,Male,Engineering
i049,Wildon,Soigne,Male,Engineering
i016,Riane,Ludl,Female,Engineering
i018,Stepha,Quenby,Female,Engineering
i020,Katlin,Manjin,Female,Engineering
i025,Alix,Mutter,Female,Engineering
i030,Edith,Greenlees,Female,Engineering
i031,Emma,Allaway,Female,Engineering
i032,Georgeta,Colledge,Female,Engineering
i034,Harriett,MacManus,Female,Engineering
i037,Janessa,Merfin,Female,Engineering
i038,Liane,Sowley,Female,Engineering
i042,Galina,Dybell,Female,Engineering
i045,Guenna,Traylen,Female,Engineering
i050,Janeczka,Benallack,Female,Engineering
i051,Benyamin,Pieters,Male,Human Resources
i053,Bondie,Mathie,Male,Human Resources
i054,Julius,Owttrim,Male,Human Resources
i055,Ewan,Clearley,Male,Human Resources
i056,Hyman,Jasik,Male,Human Resources
i058,Cecilius,Bremner,Male,Human Resources
i060,Carleton,Onyon,Male,Human Resources
i061,Axel,Goade,Male,Human Resources
i065,Cobby,Getten,Male,Human Resources
i052,Fayina,Dorbin,Female,Human Resources
i057,Joscelin,O'Deegan,Female,Human Resources
i059,Blythe,Esparza,Female,Human Resources
i062,Gilberta,Parysiak,Female,Human Resources
i063,Katee,Aumerle,Female,Human Resources
i064,Fulvia,Sonley,Female,Human Resources
i066,Ring,Pyer,Male,Operations
i068,Richart,Sowrah,Male,Operations
i070,Reamonn,Meaders,Male,Operations
i074,Jessee,Waldrum,Male,Operations
i076,Tanny,McGray,Male,Operations
i080,Marcus,Matuszak,Male,Operations
i081,Gifford,Dabs,Male,Operations
i082,Faber,Clara,Male,Operations
i085,Nikolos,Benyan,Male,Operations
i086,Budd,Zanussii,Male,Operations
i087,Clayborn,Maulden,Male,Operations
i090,Ashton,Sellner,Male,Operations
i091,Emanuel,Curthoys,Male,Operations
i092,Eustace,Erasmus,Male,Operations
i095,Alain,Zorzutti,Male,Operations
i067,Josepha,Boxall,Female,Operations
i069,Christel,Hardy,Female,Operations
i071,Lauri,Luebbert,Female,Operations
i072,Kaja,Spoerl,Female,Operations
i073,Cayla,Pirot,Female,Operations
i075,Gerhardine,Klasing,Female,Operations
i077,Melessa,Cousans,Female,Operations
i078,Arlee,Nibley,Female,Operations
i079,Chandal,McKeating,Female,Operations
i083,Kristal,Shute,Female,Operations
i084,Zulema,Ramble,Female,Operations
i088,Estele,Meaker,Female,Operations
i089,Ketti,Lucock,Female,Operations
i093,Karlen,Litel,Female,Operations
i094,Benny,Cuerda,Female,Operations
i096,Britteny,Keightley,Female,Operations
i097,Sully,Lawlie,Male,Project Management
i098,Lorenzo,McCreery,Male,Project Management
i099,Nico,Maides,Male,Project Management
i100,David,Carl,Male,Project Management
i104,Eldon,Spoure,Male,Project Management
i105,Michael,Bernardinelli,Male,Project Management
i106,Ryon,Elcy,Male,Project Management
i107,Antoine,Piecha,Male,Project Management
i110,Odo,O'Hone,Male,Project Management
i112,Elisha,Bletso,Male,Project Management
i113,Carlin,Agerskow,Male,Project Management
i114,Levon,Blamire,Male,Project Management
i115,Ronald,Ilyushkin,Male,Project Management
i116,Ewell,Oxley,Male,Project Management
i117,Laurie,Kynan,Male,Project Management
i118,Mayer,Madelin,Male,Project Management
i121,Anthony,Gilfoyle,Male,Project Management
i122,Georges,Slyman,Male,Project Management
i126,Shurwood,Coultish,Male,Project Management
i101,Dorrie,Roncelli,Female,Project Management
i102,Elisabetta,Heathfield,Female,Project Management
i103,Maud,Allawy,Female,Project Management
i108,Roz,Lomasna,Female,Project Management
i109,Willette,Meredith,Female,Project Management
i111,Fanchon,Brunini,Female,Project Management
i119,Haleigh,Rogerson,Female,Project Management
i120,Risa,Sicha,Female,Project Management
i123,Felisha,Rodson,Female,Project Management
i124,Corena,Cullon,Female,Project Management
i125,Olympe,Dockrill,Female,Project Management
i127,Estrellita,Koppens,Female,Project Management
i128,Amelia,MacAree,Female,Project Management
i129,Shayna,Tebbett,Female,Project Management
i130,Shelia,Quartley,Female,Project Management
i131,Gary,Dumin,Male,Sales Managers
i133,Ed,Young,Male,Sales Managers
i134,Gabriel,Walton,Male,Sales Managers
i139,John,Minker,Male,Sales Managers
i140,James,Frank,Male,Sales Managers
i132,Janet,Bury,Female,Sales Managers
i135,Kiran,Raj,Female,Sales Managers
i136,Nancy,Miller,Female,Sales Managers
i137,Lia,Armand,Female,Sales Managers
i138,Lois,Wood,Female,Sales Managers
i142,David,Carl,Female,Sales Managers
i144,Friederike,Oxx,Female,Support
i145,Joeann,Fozzard,Female,Support
i149,Yetty,Kinkead,Female,Support
i152,Gertie,Feavyour,Female,Support
i153,Arlee,Nib,Female,Support
i154,Juanita,Leeb,Female,Support
i160,Loise,Bundey,Female,Support
i161,Nesta,Fawthrop,Female,Support
i162,Glyn,Farryann,Female,Support
i164,Charita,Heugh,Female,Support
i166,Rochette,Schoular,Female,Support
i169,Melisse,Rivlin,Female,Support
i141,Marty,Pietraszek,Female,Support
i143,Janet,Lam,Female,Support
i146,Kira,Ran,Female,Support
i147,Natalie,Miller,Female,Support
i148,Liara,Hill,Female,Support
i150,Mika,Miller,Female,Support
i151,Davine,Boatswain,Female,Support
i155,Lyndsey,Dickie,Female,Support
i156,Birgit,Nolleth,Female,Support
i157,Donella,Turrell,Female,Support
i158,Phil,Sailer,Female,Support
i159,Nerissa,Scholler,Female,Support
i163,Jourdan,Menichini,Female,Support
i165,Jessy,Belfrage,Female,Support
i167,Gilemette,Hannaby,Female,Support
i168,Carleen,Sweeten,Female,Support
i170,Camellia,Glyne,Female,Support
i171,Ameline,Iacovo,Female,Support
i172,Abigale,Lascell,Female,Support
